Date,Actual_Close,Predicted_Close,Error
2018-02-15,1360.4571533203125,5658189.5,-5656829.04284668
2018-02-16,1363.8050537109375,5671366.5,-5670002.694946289
2018-02-19,1359.4112548828125,5654073.0,-5652713.588745117
2018-02-20,1369.2454833984375,5692780.5,-5691411.254516602
2018-02-21,1414.60400390625,5871297.5,-5869882.895996094
2018-02-22,1418.27734375,5885753.0,-5884334.72265625
2018-02-23,1430.1807861328125,5932598.0,-5931167.819213867
2018-02-26,1409.675048828125,5851900.0,-5850490.324951172
2018-02-27,1414.627197265625,5871389.0,-5869974.372802734
2018-02-28,1411.23291015625,5858030.5,-5856619.267089844
2018-03-01,1412.4652099609375,5862880.5,-5861468.034790039
2018-03-05,1444.1534423828125,5987581.0,-5986136.846557617
2018-03-06,1414.8363037109375,5872211.0,-5870796.163696289
2018-03-07,1407.698974609375,5844122.5,-5842714.801025391
2018-03-08,1396.7718505859375,5801118.0,-5799721.228149414
2018-03-09,1410.791015625,5856291.5,-5854880.708984375
2018-03-12,1419.1839599609375,5889321.5,-5887902.316040039
2018-03-13,1342.299560546875,5586720.0,-5585377.700439453
2018-03-14,1342.34619140625,5586904.0,-5585561.653808594
2018-03-15,1334.3486328125,5555424.0,-5554089.6513671875
2018-03-16,1313.8896484375,5474893.0,-5473579.1103515625
2018-03-19,1316.35400390625,5484594.0,-5483277.645996094
2018-03-20,1332.09375,5546549.0,-5545216.90625
2018-03-21,1328.3270263671875,5531721.5,-5530393.172973633
2018-03-22,1316.5169677734375,5485235.0,-5483918.483032227
2018-03-23,1310.3790283203125,5461075.0,-5459764.62097168
2018-03-26,1309.8443603515625,5458970.0,-5457660.155639648
2018-03-27,1324.119140625,5515159.0,-5513834.880859375
2018-03-28,1324.7933349609375,5517813.0,-5516488.206665039
2018-04-02,1352.924560546875,5628541.0,-5627188.075439453
2018-04-03,1353.66845703125,5631469.5,-5630115.831542969
2018-04-04,1353.505615234375,5630828.0,-5629474.494384766
2018-04-05,1375.383056640625,5716937.0,-5715561.616943359
2018-04-06,1371.8260498046875,5702937.0,-5701565.173950195
2018-04-09,1359.550537109375,5654620.5,-5653260.949462891
2018-04-10,1365.920654296875,5679694.0,-5678328.079345703
2018-04-11,1401.5147705078125,5819785.0,-5818383.485229492
2018-04-12,1459.6834716796875,6048689.5,-6047229.81652832
2018-04-13,1466.2166748046875,6074396.5,-6072930.283325195
2018-04-16,1482.1884765625,6137236.5,-6135754.3115234375
2018-04-17,1472.40087890625,6098728.5,-6097256.099121094
2018-04-18,1468.91357421875,6085006.5,-6083537.586425781
2018-04-19,1483.8157958984375,6143638.5,-6142154.684204102
2018-04-20,1582.0657958984375,6530070.0,-6528487.934204102
2018-04-23,1584.9488525390625,6541406.5,-6539821.551147461
2018-04-24,1574.2542724609375,6499356.0,-6497781.745727539
2018-04-25,1613.591552734375,6654010.0,-6652396.408447266
2018-04-26,1645.6749267578125,6780107.5,-6778461.825073242
2018-04-27,1605.082275390625,6620559.0,-6618953.917724609
2018-04-30,1642.350341796875,6767042.5,-6765400.149658203
2018-05-02,1627.3082275390625,6707924.5,-6706297.191772461
2018-05-03,1618.9852294921875,6675211.0,-6673592.014770508
2018-05-04,1618.4737548828125,6673200.0,-6671581.526245117
2018-05-07,1590.6678466796875,6563891.0,-6562300.33215332
2018-05-08,1600.083740234375,6600909.0,-6599308.916259766
2018-05-09,1622.449462890625,6688827.5,-6687205.050537109
2018-05-10,1604.7568359375,6619281.0,-6617676.2431640625
2018-05-11,1607.4073486328125,6629699.5,-6628092.092651367
2018-05-14,1596.5267333984375,6586925.0,-6585328.473266602
2018-05-15,1619.2412109375,6676217.0,-6674597.7587890625
2018-05-16,1624.588134765625,6697233.5,-6695608.911865234
2018-05-17,1623.611572265625,6693395.0,-6691771.388427734
2018-05-18,1628.3775634765625,6712128.0,-6710499.622436523
2018-05-21,1653.8121337890625,6812084.0,-6810430.187866211
2018-05-22,1631.5628662109375,6724647.0,-6723015.437133789
2018-05-23,1625.1463623046875,6699428.0,-6697802.853637695
2018-05-24,1675.6429443359375,6897859.0,-6896183.357055664
2018-05-25,1667.3197021484375,6865158.5,-6863491.180297852
2018-05-28,1628.3775634765625,6712128.0,-6710499.622436523
2018-05-29,1638.351806640625,6751329.0,-6749690.648193359
2018-05-30,1633.9808349609375,6734150.0,-6732516.019165039
2018-05-31,1632.57421875,6728622.0,-6726989.42578125
2018-06-01,1624.510009765625,6696926.5,-6695301.989990234
2018-06-04,1635.57470703125,6740414.5,-6738778.925292969
2018-06-05,1614.3360595703125,6656936.0,-6655321.66394043
2018-06-06,1618.2274169921875,6672232.5,-6670614.272583008
2018-06-07,1627.4168701171875,6708352.0,-6706724.583129883
2018-06-08,1638.2474365234375,6750918.5,-6749280.252563477
2018-06-11,1640.68505859375,6760499.0,-6758858.314941406
2018-06-12,1670.03515625,6875827.5,-6874157.46484375
2018-06-13,1710.44970703125,7034579.0,-7032868.550292969
2018-06-14,1676.1768798828125,6899956.0,-6898279.823120117
2018-06-15,1725.4061279296875,7093311.5,-7091586.09387207
2018-06-18,1715.0443115234375,7052622.5,-7050907.455688477
2018-06-19,1710.8248291015625,7036051.5,-7034340.675170898
2018-06-20,1708.9024658203125,7028502.5,-7026793.59753418
2018-06-21,1705.995849609375,7017087.5,-7015381.504150391
2018-06-22,1697.040771484375,6981915.0,-6980217.959228516
2018-06-25,1705.90185546875,7016717.5,-7015011.598144531
2018-06-26,1736.6114501953125,7137307.5,-7135570.888549805
2018-06-27,1742.23779296875,7159396.5,-7157654.262207031
2018-06-28,1727.890869140625,7103068.5,-7101340.609130859
2018-06-29,1732.6260986328125,7121659.5,-7119926.873901367
2018-07-02,1736.0020751953125,7134916.0,-7133179.997924805
2018-07-03,1757.287841796875,7218476.0,-7216718.712158203
2018-07-04,1749.8798828125,7189397.5,-7187647.6201171875
2018-07-05,1763.148193359375,7241479.0,-7239715.851806641
2018-07-06,1793.7640380859375,7361620.5,-7359826.735961914
2018-07-09,1765.679931640625,7251415.5,-7249649.820068359
2018-07-10,1758.272216796875,7222340.0,-7220581.727783203
2018-07-11,1856.542724609375,7607826.5,-7605969.957275391
2018-07-12,1848.5255126953125,7576396.0,-7574547.474487305
2018-07-13,1857.6680908203125,7612238.5,-7610380.83190918
2018-07-16,1865.2633056640625,7642010.5,-7640145.236694336
2018-07-17,1881.189208984375,7704427.0,-7702545.810791016
2018-07-18,1879.404052734375,7697431.5,-7695552.095947266
2018-07-19,1861.693115234375,7628015.5,-7626153.806884766
2018-07-20,1875.974609375,7683991.0,-7682115.025390625
2018-07-23,1884.4779052734373,7717314.5,-7715430.022094727
2018-07-24,1878.229736328125,7692829.5,-7690951.270263672
2018-07-25,1861.7867431640625,7628383.0,-7626521.213256836
2018-07-26,1846.001708984375,7566501.0,-7564654.998291016
2018-07-27,1826.3173828125,7489314.5,-7487488.1826171875
2018-07-30,1827.1162109375,7492447.0,-7490619.8837890625
2018-07-31,1822.9818115234373,7476233.5,-7474410.518188477
2018-08-01,1857.088623046875,7609966.0,-7608108.911376953
2018-08-02,1830.6866455078125,7506449.5,-7504618.813354492
2018-08-03,1859.8607177734373,7620833.0,-7618973.139282227
2018-08-06,1856.1962890625,7606468.5,-7604612.3037109375
2018-08-07,1848.4918212890625,7576264.0,-7574415.508178711
2018-08-08,1854.7398681640625,7600759.0,-7598904.260131836
2018-08-09,1855.0687255859373,7602048.5,-7600193.431274414
2018-08-10,1872.68603515625,7671102.5,-7669229.813964844
2018-08-13,1879.3099365234373,7697062.0,-7695182.690063477
2018-08-14,1882.5048828125,7709582.0,-7707699.4951171875
2018-08-16,1887.1553955078125,7727806.0,-7725918.844604492
2018-08-17,1891.1488037109373,7743452.5,-7741561.351196289
2018-08-20,1888.5179443359373,7733144.0,-7731255.482055664
2018-08-21,1895.7528076171875,7761491.0,-7759595.247192383
2018-08-23,1912.1485595703125,7825720.0,-7823807.85144043
2018-08-24,1919.5711669921875,7854791.5,-7852871.928833008
2018-08-27,1926.993896484375,7883860.5,-7881933.506103516
2018-08-28,1944.1884765625,7951185.0,-7949240.8115234375
2018-08-29,1946.819091796875,7961483.0,-7959536.180908203
2018-08-30,1956.591064453125,7999733.5,-7997776.908935547
2018-08-31,1952.832275390625,7985021.0,-7983068.167724609
2018-09-03,1928.873046875,7891219.5,-7889290.626953125
2018-09-04,1972.093994140625,8060406.5,-8058434.406005859
2018-09-05,1953.631103515625,7988147.5,-7986193.868896484
2018-09-06,1949.9200439453125,7973622.0,-7971672.079956055
2018-09-07,1954.195068359375,7990356.5,-7988402.304931641
2018-09-10,1955.0406494140625,7993665.5,-7991710.459350586
2018-09-11,1922.6251220703125,7866752.0,-7864829.37487793
2018-09-12,1920.4639892578125,7858288.5,-7856368.036010742
2018-09-14,1940.617919921875,7937205.5,-7935264.882080078
2018-09-17,1948.8388671875,7969390.0,-7967441.1611328125
2018-09-18,1945.6448974609373,7956886.5,-7954940.855102539
2018-09-19,1952.362548828125,7983182.5,-7981230.137451172
2018-09-21,1976.087646484375,8076034.0,-8074057.912353516
2018-09-24,2065.629638671875,8426114.0,-8424048.370361328
2018-09-25,2051.30078125,8370131.0,-8368079.69921875
2018-09-26,2012.730712890625,8219365.0,-8217352.269287109
2018-09-27,2056.609130859375,8390872.0,-8388815.39086914
2018-09-28,2051.770751953125,8371968.5,-8369916.729248047
2018-10-01,2119.2802734375,8635587.0,-8633467.719726562
2018-10-03,2032.180908203125,8295407.5,-8293375.319091797
2018-10-04,1940.0545654296875,7934999.5,-7933059.44543457
2018-10-05,1975.6171875,8074192.5,-8072216.8828125
2018-10-08,1952.0340576171875,7981897.5,-7979945.465942383
2018-10-09,1965.4228515625,8034300.0,-8032334.5771484375
2018-10-10,1920.1348876953125,7856998.0,-7855077.865112305
2018-10-11,1860.3304443359373,7622674.0,-7620813.669555664
2018-10-12,1802.405029296875,7395521.0,-7393718.594970703
2018-10-15,1831.7200927734373,7510502.0,-7508670.279907227
2018-10-16,1843.746826171875,7557660.0,-7555816.253173828
2018-10-17,1812.8343505859373,7436432.5,-7434619.665649414
2018-10-19,1797.6134033203125,7376723.0,-7374925.38659668
2018-10-22,1788.0294189453125,7339121.5,-7337333.470581055
2018-10-23,1735.914306640625,7134570.0,-7132834.085693359
2018-10-24,1740.48046875,7152497.5,-7150757.01953125
2018-10-25,1744.7177734375,7169133.0,-7167388.2822265625
2018-10-26,1693.96728515625,6969841.5,-6968147.532714844
2018-10-29,1761.6656494140625,7235659.0,-7233897.334350586
2018-10-30,1784.0748291015625,7323603.5,-7321819.425170898
2018-10-31,1824.8916015625,7483722.5,-7481897.6083984375
2018-11-01,1822.6318359375,7474860.5,-7473037.8681640625
2018-11-02,1801.635009765625,7392500.0,-7390698.364990234
2018-11-05,1780.3558349609375,7309010.0,-7307229.644165039
2018-11-06,1819.760009765625,7463597.0,-7461777.239990234
2018-11-07,1828.6578369140625,7498493.5,-7496664.842163086
2018-11-09,1797.6331787109375,7376800.0,-7375002.366821289
2018-11-12,1802.9532470703125,7397672.0,-7395869.04675293
2018-11-13,1821.8787841796875,7471907.0,-7470085.12121582
2018-11-14,1770.7518310546875,7271320.5,-7269549.748168945
2018-11-15,1763.407470703125,7242496.5,-7240733.092529297
2018-11-16,1776.35400390625,7293306.5,-7291530.145996094
2018-11-19,1791.278076171875,7351867.0,-7350075.721923828
2018-11-20,1768.491943359375,7262452.0,-7260683.508056641
2018-11-21,1706.1134033203125,7017548.0,-7015841.88659668
2018-11-22,1706.631103515625,7019582.0,-7017875.368896484
2018-11-26,1738.2205810546875,7143625.0,-7141886.779418945
2018-11-27,1779.790771484375,7306793.0,-7305013.209228516
2018-11-28,1867.9681396484373,7652611.0,-7650743.031860352
2018-11-29,1845.9827880859373,7566427.5,-7564581.517211914
2018-11-30,1853.2327880859373,7594850.5,-7592997.267211914
2018-12-03,1866.555908203125,7647076.5,-7645209.944091797
2018-12-04,1893.343505859375,7752051.5,-7750158.156494141
2018-12-05,1889.4830322265625,7736926.0,-7735036.516967773
2018-12-06,1876.254150390625,7685086.0,-7683209.745849609
2018-12-07,1878.60791015625,7694310.0,-7692431.392089844
2018-12-10,1860.341796875,7622719.0,-7620858.658203125
2018-12-11,1883.1275634765625,7712022.0,-7710138.872436523
2018-12-12,1898.945556640625,7773999.5,-7772100.554443359
2018-12-13,1866.7442626953125,7647815.0,-7645948.255737305
2018-12-14,1873.4761962890625,7674199.5,-7672326.023803711
2018-12-17,1877.7606201171875,7690991.0,-7689113.239379883
2018-12-18,1871.687255859375,7667188.5,-7665316.812744141
2018-12-19,1853.4210205078125,7595589.0,-7593735.578979492
2018-12-20,1839.862548828125,7542430.5,-7540590.637451172
2018-12-21,1785.0164794921875,7327298.5,-7325513.483520508
2018-12-24,1806.3900146484373,7411153.5,-7409347.109985352
2018-12-26,1778.8023681640625,7302913.5,-7301134.697631836
2018-12-27,1797.39794921875,7375877.5,-7374080.102050781
2018-12-28,1785.2520751953125,7328222.5,-7326437.247924805
2018-12-31,1782.4271240234375,7317138.0,-7315355.572875977
2019-01-01,1791.607177734375,7353158.0,-7351366.392822266
2019-01-02,1810.9095458984373,7428882.0,-7427071.090454102
2019-01-03,1788.9239501953125,7342630.0,-7340841.076049805
2019-01-04,1767.173828125,7257278.0,-7255510.826171875
2019-01-07,1786.9937744140625,7335057.0,-7333270.006225586
2019-01-08,1782.898193359375,7318986.0,-7317203.101806641
2019-01-09,1776.68359375,7294600.0,-7292823.31640625
2019-01-10,1778.190185546875,7300511.0,-7298732.809814453
2019-01-11,1734.8782958984375,7130503.0,-7128768.121704102
2019-01-14,1707.2904052734375,7022171.0,-7020463.709594727
2019-01-15,1758.65283203125,7223834.0,-7222075.347167969
2019-01-16,1760.865478515625,7232519.0,-7230758.134521484
2019-01-17,1787.427001953125,7336757.0,-7334969.572998047
2019-01-18,1793.4189453125,7360266.5,-7358473.0810546875
2019-01-21,1801.0147705078125,7390067.0,-7388265.985229492
2019-01-22,1794.5985107421875,7364894.5,-7363099.901489258
2019-01-23,1769.7822265625,7267515.5,-7265745.7177734375
2019-01-24,1794.268310546875,7363599.5,-7361805.231689453
2019-01-25,1812.43212890625,7434854.5,-7433042.067871094
2019-01-28,1844.70263671875,7561408.5,-7559563.797363281
2019-01-29,1870.8868408203125,7664052.5,-7662181.61315918
2019-01-30,1869.61328125,7659059.5,-7657189.88671875
2019-01-31,1900.46826171875,7779964.5,-7778064.031738281
2019-02-01,1915.42431640625,7838550.5,-7836635.075683594
2019-02-04,1934.578857421875,7913561.5,-7911626.921142578
2019-02-05,1929.20068359375,7892501.0,-7890571.799316406
2019-02-06,1957.7437744140625,8004246.0,-8002288.256225586
2019-02-07,1965.386474609375,8034156.5,-8032191.113525391
2019-02-08,1945.0994873046875,7954751.5,-7952806.400512695
2019-02-11,1949.3458251953125,7971374.0,-7969424.654174805
2019-02-12,1935.8524169921875,7918547.5,-7916611.647583008
2019-02-14,1929.2476806640625,7892686.0,-7890756.752319336
2019-02-15,1915.18798828125,7837624.5,-7835709.312011719
2019-02-18,1859.139404296875,7618005.5,-7616146.360595703
2019-02-19,1797.334716796875,7375629.5,-7373832.165283203
2019-02-20,1806.723388671875,7412461.5,-7410654.776611328
2019-02-21,1806.2044677734373,7410426.0,-7408619.795532227
2019-02-22,1817.0084228515625,7452805.0,-7450987.991577148
2019-02-25,1873.1514892578125,7672927.5,-7671054.348510742
2019-02-26,1923.6802978515625,7870884.0,-7868960.319702148
2019-02-27,1941.98583984375,7942561.5,-7940619.514160156
2019-02-28,1871.5474853515625,7666641.0,-7664769.452514648
2019-03-01,1882.8233642578125,7710830.5,-7708947.676635742
2019-03-05,1875.935302734375,7683837.5,-7681961.564697266
2019-03-06,1886.7862548828125,7726359.5,-7724472.713745117
2019-03-07,1899.7135009765625,7777008.0,-7775108.286499023
2019-03-08,1908.5831298828125,7811753.5,-7809844.916870117
2019-03-11,1901.12890625,7782553.0,-7780651.87109375
2019-03-12,1898.911376953125,7773866.0,-7771967.088623047
2019-03-13,1887.6357421875,7729687.5,-7727799.8642578125
2019-03-14,1875.2747802734373,7681249.0,-7679373.725219727
2019-03-15,1924.859619140625,7875502.0,-7873577.140380859
2019-03-18,1908.677490234375,7812122.5,-7810213.822509766
2019-03-19,1908.677490234375,7812122.5,-7810213.822509766
2019-03-20,1901.3646240234373,7783476.0,-7781574.635375977
2019-03-22,1892.4951171875,7748728.0,-7746835.5048828125
2019-03-25,1872.3023681640625,7669599.5,-7667727.197631836
2019-03-26,1870.792724609375,7663682.0,-7661811.207275391
2019-03-27,1856.8748779296875,7609128.5,-7607271.62512207
2019-03-28,1887.4468994140625,7728948.5,-7727061.053100586
2019-04-01,1917.0281982421875,7844832.0,-7842914.971801758
2019-04-02,1961.98974609375,8020864.0,-8018902.010253906
2019-04-03,1961.98974609375,8020864.0,-8018902.010253906
2019-04-04,1900.845703125,7781444.0,-7779543.154296875
2019-04-05,1932.7386474609373,7906355.0,-7904422.261352539
2019-04-08,1953.9222412109373,7989288.5,-7987334.577758789
2019-04-09,1973.5015869140625,8065914.0,-8063940.498413086
2019-04-10,1925.1429443359373,7876612.0,-7874686.857055664
2019-04-11,1905.5634765625,7799925.0,-7798019.4365234375
2019-04-12,1900.845703125,7781444.0,-7779543.154296875
2019-04-15,1994.0716552734373,8146390.0,-8144395.928344727
2019-04-16,2011.528076171875,8214661.0,-8212649.471923828
2019-04-18,2028.748046875,8281986.5,-8279957.751953125
2019-04-22,2039.5048828125,8324033.5,-8321993.9951171875
2019-04-23,2033.4659423828125,8300430.5,-8298397.034057617
2019-04-24,2060.263916015625,8405152.0,-8403091.736083984
2019-04-25,2071.162109375,8447725.0,-8445653.837890625
2019-04-26,2112.25537109375,8608172.0,-8606059.744628906
2019-04-30,2132.825439453125,8688437.0,-8686304.174560547
2019-05-02,2090.4111328125,8522899.0,-8520808.588867188
2019-05-03,2011.7166748046875,8215399.5,-8213387.783325195
2019-05-06,2036.1082763671875,8310757.5,-8308721.391723633
2019-05-07,2030.541259765625,8288997.0,-8286966.458740234
2019-05-08,2031.3902587890625,8292315.5,-8290284.109741211
2019-05-09,2049.978759765625,8364966.5,-8362916.521240234
2019-05-10,2015.30224609375,8229419.5,-8227404.197753906
2019-05-13,2008.649658203125,8203406.0,-8201397.350341797
2019-05-14,1974.303466796875,8069052.0,-8067077.696533203
2019-05-15,1977.1812744140625,8080312.0,-8078334.818725586
2019-05-16,1989.7781982421875,8129594.5,-8127604.721801758
2019-05-17,1977.228759765625,8080498.0,-8078520.771240234
2019-05-20,2022.9921875,8259486.0,-8257463.0078125
2019-05-21,1990.721435546875,8133285.0,-8131294.278564453
2019-05-22,1964.3017578125,8029913.0,-8027948.6982421875
2019-05-23,1938.1644287109373,7927600.0,-7925661.835571289
2019-05-24,1932.4556884765625,7905248.0,-7903315.544311523
2019-05-27,1939.2021484375,7931662.5,-7929723.2978515625
2019-05-28,1956.7529296875,8000367.5,-7998410.7470703125
2019-05-29,1988.6461181640625,8125166.5,-8123177.853881836
2019-05-30,2025.2098388671875,8268155.5,-8266130.290161133
2019-05-31,2072.625,8453440.0,-8451367.375
2019-06-03,2115.7939453125,8621983.0,-8619867.206054688
2019-06-04,2076.603515625,8468978.0,-8466901.396484375
2019-06-06,2060.4326171875,8405811.0,-8403750.567382812
2019-06-07,2075.319580078125,8463963.0,-8461887.680419922
2019-06-10,2122.64208984375,8648706.0,-8646583.357910156
2019-06-11,2142.9033203125,8727749.0,-8725606.096679688
2019-06-12,2150.608154296875,8757799.0,-8755648.391845703
2019-06-13,2144.14013671875,8732572.0,-8730427.859863281
2019-06-14,2144.5205078125,8734057.0,-8731912.479492188
2019-06-17,2139.479248046875,8714394.0,-8712254.520751953
2019-06-18,2141.048828125,8720516.0,-8718374.951171875
2019-06-19,2149.65673828125,8754089.0,-8751939.343261719
2019-06-20,2166.82666015625,8821035.0,-8818868.173339844
2019-06-21,2140.09765625,8716805.0,-8714664.90234375
2019-06-24,2164.495849609375,8811950.0,-8809785.50415039
2019-06-25,2157.171630859375,8783395.0,-8781237.82836914
2019-06-26,2144.23486328125,8732943.0,-8730798.765136719
2019-06-27,2142.66552734375,8726822.0,-8724679.334472656
2019-06-28,2118.55224609375,8632746.0,-8630627.447753906
2019-07-01,2130.2998046875,8678583.0,-8676452.700195312
2019-07-02,2142.237548828125,8725152.0,-8723009.762451172
2019-07-03,2128.4921875,8671532.0,-8669403.5078125
2019-07-04,2133.248779296875,8690090.0,-8687956.751220703
2019-07-05,2057.57958984375,8394665.0,-8392607.420410156
2019-07-08,2069.27880859375,8440369.0,-8438299.721191406
2019-07-09,2029.2808837890625,8284069.5,-8282040.219116211
2019-07-10,2005.357177734375,8190529.0,-8188523.642822266
2019-07-11,1999.982666015625,8169509.0,-8167509.017333984
2019-07-12,2004.7867431640625,8188297.5,-8186292.713256836
2019-07-15,2041.0279541015625,8329985.0,-8327943.972045898
2019-07-16,2007.9437255859373,8200645.0,-8198637.056274414
2019-07-17,2018.670166015625,8242588.0,-8240569.329833984
2019-07-18,1969.758544921875,8051268.0,-8049298.241455078
2019-07-19,1980.24609375,8092304.5,-8090324.25390625
2019-07-22,2011.6619873046875,8215184.0,-8213172.338012695
2019-07-23,2014.09326171875,8224691.5,-8222677.406738281
2019-07-24,1999.1722412109373,8166340.5,-8164341.327758789
2019-07-25,2028.823486328125,8282283.0,-8280254.176513672
2019-07-26,2010.851806640625,8212017.0,-8210006.148193359
2019-07-29,2030.826416015625,8290111.5,-8288080.673583984
2019-07-30,2077.687744140625,8473213.0,-8471135.31225586
2019-07-31,2103.001953125,8572054.0,-8569950.998046875
2019-08-01,2078.545654296875,8476563.0,-8474484.454345703
2019-08-02,2102.619873046875,8570563.0,-8568460.380126953
2019-08-05,2143.904541015625,8731654.0,-8729510.095458984
2019-08-06,2111.773193359375,8606291.0,-8604179.22680664
2019-08-07,2110.390625,8600894.0,-8598783.609375
2019-08-08,2152.961669921875,8766976.0,-8764823.038330078
2019-08-09,2141.663818359375,8722914.0,-8720772.33618164
2019-08-13,2097.042724609375,8548791.0,-8546693.95727539
2019-08-14,2101.76220703125,8567216.0,-8565114.237792969
2019-08-16,2064.2919921875,8420888.0,-8418823.708007812
2019-08-19,2062.289794921875,8413066.0,-8411003.710205078
2019-08-20,2084.933837890625,8501511.0,-8499426.06616211
2019-08-21,2084.409423828125,8499463.0,-8497378.590576172
2019-08-22,2112.822509765625,8610385.0,-8608272.177490234
2019-08-23,2143.045654296875,8728304.0,-8726160.954345703
2019-08-26,2170.314453125,8834632.0,-8832461.685546875
2019-08-27,2132.367431640625,8686651.0,-8684518.63256836
2019-08-28,2134.989501953125,8696880.0,-8694745.010498047
2019-08-29,2129.45947265625,8675306.0,-8673176.540527344
2019-08-30,2154.39208984375,8772555.0,-8770400.607910156
2019-09-03,2146.764404296875,8742808.0,-8740661.235595703
2019-09-04,2140.85302734375,8719752.0,-8717611.146972656
2019-09-05,2112.154296875,8607779.0,-8605666.845703125
2019-09-06,2095.18359375,8541532.0,-8539436.81640625
2019-09-09,2081.2158203125,8486992.0,-8484910.784179688
2019-09-11,2053.70849609375,8379540.0,-8377486.291503906
2019-09-12,2034.258544921875,8303528.5,-8301494.241455078
2019-09-13,2042.2193603515625,8334643.0,-8332600.780639648
2019-09-16,2049.895263671875,8364639.5,-8362589.604736328
2019-09-17,2023.8184814453125,8262716.0,-8260692.181518555
2019-09-18,2038.9781494140625,8321975.0,-8319936.021850586
2019-09-19,2004.082275390625,8185543.0,-8183538.917724609
2019-09-20,1969.2816162109373,8049400.5,-8047431.218383789
2019-09-23,1921.9434814453125,7864082.0,-7862160.056518555
2019-09-24,1949.4979248046875,7971968.0,-7970018.502075195
2019-09-25,1991.2105712890625,8135198.0,-8133206.789428711
2019-09-26,1990.400634765625,8132030.5,-8130040.099365234
2019-09-27,1960.4146728515625,8014700.0,-8012739.585327148
2019-09-30,2001.5552978515625,8175660.5,-8173658.944702148
2019-10-01,1964.0377197265625,8028879.0,-8026914.962280273
2019-10-03,1964.32373046875,8029998.5,-8028034.176269531
2019-10-04,1982.534423828125,8101256.5,-8099273.965576172
2019-10-07,1952.3580322265625,7983164.5,-7981212.141967773
2019-10-09,1926.043212890625,7880137.5,-7878211.456787109
2019-10-10,1911.121826171875,7821698.5,-7819787.378173828
2019-10-11,1894.341064453125,7755960.5,-7754066.158935547
2019-10-14,1926.9013671875,7883497.5,-7881570.5986328125
2019-10-15,1942.4423828125,7944348.5,-7942406.0576171875
2019-10-16,1951.11865234375,7978313.5,-7976362.381347656
2019-10-17,1974.9921875,8071746.0,-8069771.0078125
2019-10-18,2000.6650390625,8172178.0,-8170177.3349609375
2019-10-22,1994.878662109375,8149547.0,-8147552.121337891
2019-10-23,2013.0635986328125,8220665.5,-8218652.436401367
2019-10-24,2024.6356201171875,8265911.5,-8263886.864379883
2019-10-25,2066.40185546875,8429130.0,-8427063.598144531
2019-10-29,2134.376708984375,8694490.0,-8692355.623291016
2019-10-30,2190.729736328125,8914196.0,-8912005.270263672
2019-10-31,2207.115478515625,8978029.0,-8975821.884521484
2019-11-01,2140.259521484375,8717437.0,-8715296.740478516
2019-11-04,2133.50146484375,8691075.0,-8688941.498535156
2019-11-05,2141.183349609375,8721041.0,-8718899.81665039
2019-11-06,2128.201171875,8670396.0,-8668267.798828125
2019-11-07,2125.137939453125,8658444.0,-8656318.862060547
2019-11-08,2071.26416015625,8448124.0,-8446052.735839844
2019-11-11,2043.063720703125,8337944.0,-8335900.936279297
2019-11-13,2118.57421875,8632831.0,-8630712.42578125
2019-11-14,2136.27294921875,8701885.0,-8699748.727050781
2019-11-15,2114.538330078125,8617083.0,-8614968.461669922
2019-11-18,2093.290771484375,8534142.0,-8532048.709228516
2019-11-19,2050.697509765625,8367774.5,-8365723.802490234
2019-11-20,2050.454345703125,8366824.0,-8364773.545654297
2019-11-21,2059.7412109375,8403110.0,-8401050.258789062
2019-11-22,2014.6192626953125,8226748.5,-8224733.880737305
2019-11-25,2024.1494140625,8264010.0,-8261985.8505859375
2019-11-26,1990.259765625,8131479.0,-8129488.740234375
2019-11-27,1997.698974609375,8160578.0,-8158580.301025391
2019-11-28,2020.11376953125,8248232.0,-8246211.886230469
2019-11-29,1996.6778564453125,8156584.5,-8154587.822143555
2019-12-02,1965.3651123046875,8034074.0,-8032108.634887695
2019-12-03,1994.48974609375,8148026.0,-8146031.510253906
2019-12-04,2021.2318115234373,8252603.0,-8250581.768188477
2019-12-05,2062.852783203125,8415266.0,-8413203.147216797
2019-12-06,2065.089111328125,8424003.0,-8421937.910888672
2019-12-09,2003.67919921875,8183967.5,-8181963.820800781
2019-12-10,1957.390869140625,8002864.5,-8000907.109130859
2019-12-11,1985.6405029296875,8113408.0,-8111422.35949707
2019-12-12,1965.21923828125,8033502.5,-8031537.280761719
2019-12-13,2014.181884765625,8225039.0,-8223024.818115234
2019-12-16,2068.152587890625,8435970.0,-8433901.84741211
2019-12-17,2105.300048828125,8581024.0,-8578918.699951172
2019-12-18,2108.022705078125,8591652.0,-8589543.977294922
2019-12-19,2167.634033203125,8824185.0,-8822017.365966797
2019-12-20,2161.653076171875,8800867.0,-8798705.346923828
2019-12-23,2170.210693359375,8834227.0,-8832056.78930664
2019-12-24,2154.5546875,8773190.0,-8771035.4453125
2019-12-26,2141.28076171875,8721420.0,-8719278.719238281
2019-12-27,2137.925537109375,8708334.0,-8706196.07446289
2019-12-30,2123.047607421875,8650288.0,-8648164.952392578
2019-12-31,2102.1396484375,8568689.0,-8566586.860351562
2020-01-01,2107.877685546875,8591086.0,-8588978.122314453
2020-01-02,2098.201171875,8553313.0,-8551214.798828125
2020-01-03,2140.0166015625,8716491.0,-8714350.983398438
2020-01-06,2139.822265625,8715731.0,-8713591.177734375
2020-01-07,2145.072998046875,8736211.0,-8734065.927001953
2020-01-08,2193.11181640625,8923477.0,-8921283.888183594
2020-01-09,2153.339111328125,8768448.0,-8766294.660888672
2020-01-10,2152.561279296875,8765415.0,-8763262.438720703
2020-01-13,2130.00048828125,8677416.0,-8675285.999511719
2020-01-14,2146.093994140625,8740195.0,-8738048.90600586
2020-01-15,2165.543701171875,8816034.0,-8813868.456298828
2020-01-16,2177.115478515625,8861142.0,-8858964.884521484
2020-01-17,2157.958251953125,8786459.0,-8784301.041748047
2020-01-20,2110.551513671875,8601522.0,-8599411.448486328
2020-01-21,2111.232177734375,8604178.0,-8602066.767822266
2020-01-22,2146.093994140625,8740195.0,-8738048.90600586
2020-01-23,2135.421630859375,8698565.0,-8696429.57836914
2020-01-24,2128.06298828125,8669857.0,-8667728.937011719
2020-01-27,2114.27197265625,8616042.0,-8613927.728027344
2020-01-28,2128.404296875,8671189.0,-8669060.595703125
2020-01-29,2099.9931640625,8560309.0,-8558209.006835938
2020-01-30,2083.66796875,8496568.0,-8494484.33203125
2020-01-31,2026.3577880859373,8272643.0,-8270616.642211914
2020-02-03,2049.213623046875,8361974.5,-8359925.286376953
2020-02-04,2054.33056640625,8381970.0,-8379915.669433594
2020-02-05,2092.147705078125,8529679.0,-8527586.852294922
2020-02-06,2074.407958984375,8460403.0,-8458328.592041016
2020-02-07,2082.400634765625,8491617.0,-8489534.599365234
2020-02-10,2107.156982421875,8588272.0,-8586164.843017578
2020-02-11,2098.82373046875,8555744.0,-8553645.176269531
2020-02-12,2115.733642578125,8621747.0,-8619631.266357422
2020-02-13,2136.396240234375,8702367.0,-8700230.603759766
2020-02-14,2128.8427734375,8672899.0,-8670770.157226562
2020-02-17,2147.410400390625,8745328.0,-8743180.58959961
2020-02-18,2159.593505859375,8792835.0,-8790675.40649414
2020-02-19,2140.68505859375,8719097.0,-8716956.314941406
2020-02-20,2102.137451171875,8568678.0,-8566575.862548828
2020-02-24,2061.738037109375,8410912.0,-8408850.26196289
2020-02-25,2101.50341796875,8566204.0,-8564102.496582031
2020-02-26,2069.778564453125,8442321.0,-8440251.221435547
2020-02-27,2052.137451171875,8373401.0,-8371348.862548828
2020-02-28,1949.45751953125,7971811.5,-7969862.042480469
2020-03-02,1950.5784912109373,7976199.5,-7974248.921508789
2020-03-03,1984.593994140625,8109315.0,-8107330.406005859
2020-03-04,2030.4027099609373,8288456.5,-8286426.097290039
2020-03-05,2071.192138671875,8447842.0,-8445770.807861328
2020-03-06,2062.81005859375,8415100.0,-8413037.189941406
2020-03-09,1922.362060546875,7865722.0,-7863799.637939453
2020-03-11,1904.1846923828125,7794523.0,-7792618.815307617
2020-03-12,1724.994384765625,7091695.0,-7089970.005615234
2020-03-13,1760.520751953125,7231166.5,-7229405.979248047
2020-03-16,1653.406005859375,6810489.0,-6808835.593994141
2020-03-17,1615.9793701171875,6663395.5,-6661779.520629883
2020-03-18,1612.470458984375,6649603.0,-6647990.529541016
2020-03-19,1606.53076171875,6626254.0,-6624647.469238281
2020-03-20,1764.6949462890625,7247549.5,-7245784.805053711
2020-03-23,1639.2728271484375,6754948.5,-6753309.227172852
2020-03-24,1672.11328125,6883992.0,-6882319.88671875
2020-03-25,1718.404296875,7065817.5,-7064099.095703125
2020-03-26,1758.3131103515625,7222501.0,-7220742.686889648
2020-03-27,1791.2520751953125,7351765.0,-7349973.747924805
2020-03-30,1746.0902099609375,7174520.0,-7172773.909790039
2020-03-31,1792.8228759765625,7357928.0,-7356135.177124023
2020-04-01,1677.6114501953125,6905592.5,-6903914.888549805
2020-04-03,1624.05517578125,6695139.0,-6693514.944824219
2020-04-07,1742.850341796875,7161801.5,-7160058.649658203
2020-04-08,1674.3714599609375,6892864.0,-6891189.628540039
2020-04-09,1733.9654541015625,7126919.5,-7125185.534545898
2020-04-13,1727.19091796875,7100319.5,-7098592.309082031
2020-04-15,1703.5301513671875,7007403.0,-7005699.469848633
2020-04-16,1684.7784423828125,6933747.5,-6932062.721557617
2020-04-17,1773.285400390625,7281263.0,-7279489.714599609
2020-04-20,1785.5086669921875,7329229.0,-7327443.491333008
2020-04-21,1705.9847412109375,7017043.5,-7015337.515258789
2020-04-22,1737.2542724609375,7139831.5,-7138094.245727539
2020-04-23,1844.0224609375,7558741.0,-7556896.9775390625
2020-04-24,1785.4105224609375,7328845.5,-7327060.089477539
2020-04-27,1803.1314697265625,7398370.5,-7396567.368530273
2020-04-28,1825.1724853515625,7484824.5,-7482999.327514648
2020-04-29,1870.923095703125,7664193.5,-7662322.576904297
2020-04-30,1977.740478515625,8082499.5,-8080521.759521484
2020-05-04,1895.271240234375,7759604.0,-7757708.728759766
2020-05-05,1897.5294189453125,7768451.5,-7766553.970581055
2020-05-06,1868.910400390625,7656304.5,-7654435.589599609
2020-05-07,1857.1783447265625,7610318.0,-7608460.821655273
2020-05-08,1858.8963623046875,7617053.5,-7615194.603637695
2020-05-11,1900.0328369140625,7778259.5,-7776359.467163086
2020-05-12,1913.9739990234373,7832870.0,-7830956.026000977
2020-05-13,1914.1214599609373,7833448.0,-7831533.878540039
2020-05-14,1867.6832275390625,7651496.0,-7649628.316772461
2020-05-15,1858.405517578125,7615128.5,-7613270.094482422
2020-05-18,1910.14501953125,7817871.5,-7815961.354980469
2020-05-19,1913.1396484375,7829602.0,-7827688.8603515625
2020-05-20,1917.9993896484373,7848635.5,-7846717.500610352
2020-05-21,1954.914306640625,7993170.5,-7991215.585693359
2020-05-22,1983.5330810546875,8105164.5,-8103180.966918945
2020-05-26,1907.592529296875,7807873.5,-7805965.907470703
2020-05-27,1968.7574462890625,8047349.5,-8045380.742553711
2020-05-28,1967.7755126953125,8043506.5,-8041538.724487305
2020-05-29,1936.40771484375,7920721.5,-7918785.092285156
2020-06-01,2007.9793701171875,8200785.0,-8198777.020629883
2020-06-02,2009.8446044921875,8208077.5,-8206067.655395508
2020-06-03,2014.76806640625,8227331.0,-8225316.231933594
2020-06-04,2059.471435546875,8402055.0,-8399995.528564453
2020-06-05,2016.8355712890625,8235414.5,-8233397.664428711
2020-06-08,2039.975341796875,8325872.5,-8323832.524658203
2020-06-09,2040.2703857421875,8327025.5,-8324985.229614258
2020-06-10,2076.40771484375,8468213.0,-8466136.592285156
2020-06-11,2035.93798828125,8310092.0,-8308056.062011719
2020-06-12,2008.2198486328125,8201725.0,-8199716.780151367
2020-06-15,1998.7672119140625,8164756.5,-8162757.732788086
2020-06-16,2014.42333984375,8225982.5,-8223968.076660156
2020-06-17,2016.392578125,8233682.5,-8231666.107421875
2020-06-18,2006.84130859375,8196334.0,-8194327.158691406
2020-06-19,2013.24169921875,8221362.0,-8219348.758300781
2020-06-22,1996.8470458984373,8157247.0,-8155250.152954102
2020-06-23,2004.0843505859373,8185553.0,-8183548.915649414
2020-06-24,2010.87841796875,8212121.5,-8210110.621582031
2020-06-25,1985.1787109375,8111602.0,-8109616.8212890625
2020-06-26,2086.35302734375,8507053.0,-8504966.646972656
2020-06-29,2069.416748046875,8440908.0,-8438838.583251953
2020-06-30,2050.2158203125,8365892.0,-8363841.7841796875
2020-07-01,2059.964111328125,8403983.0,-8401923.035888672
2020-07-02,2124.065185546875,8654259.0,-8652134.934814453
2020-07-03,2165.913330078125,8817475.0,-8815309.086669922
2020-07-06,2228.489013671875,9061257.0,-9059028.510986328
2020-07-07,2235.086181640625,9086941.0,-9084705.91381836
2020-07-08,2184.867919921875,8891354.0,-8889169.132080078
2020-07-09,2170.54150390625,8835518.0,-8833347.458496094
2020-07-10,2188.265625,8904595.0,-8902406.734375
2020-07-13,2185.95166015625,8895577.0,-8893391.048339844
2020-07-14,2138.638427734375,8711114.0,-8708975.361572266
2020-07-15,2199.638427734375,8948903.0,-8946703.361572266
2020-07-16,2205.41162109375,8971393.0,-8969187.588378906
2020-07-17,2171.85791015625,8840648.0,-8838476.142089844
2020-07-20,2178.913818359375,8868151.0,-8865972.08618164
2020-07-21,2195.8388671875,8934102.0,-8931906.161132812
2020-07-22,2162.1865234375,8802945.0,-8800782.813476562
2020-07-23,2142.69580078125,8726940.0,-8724797.304199219
2020-07-24,2129.076904296875,8673813.0,-8671683.923095703
2020-07-27,2177.828369140625,8863921.0,-8861743.17163086
2020-07-28,2279.427001953125,9259445.0,-9257165.572998047
2020-07-29,2246.16943359375,9130075.0,-9127828.830566406
2020-07-30,2249.573974609375,9143323.0,-9141073.42602539
2020-07-31,2251.44921875,9150619.0,-9148367.55078125
2020-08-03,2224.556640625,9045948.0,-9043723.443359375
2020-08-04,2220.165283203125,9028850.0,-9026629.834716797
2020-08-05,2229.836669921875,9066506.0,-9064276.163330078
2020-08-06,2277.798828125,9253113.0,-9250835.201171875
2020-08-07,2265.216064453125,9204178.0,-9201912.783935547
2020-08-10,2252.830810546875,9155996.0,-9153743.169189453
2020-08-11,2249.96875,9144859.0,-9142609.03125
2020-08-12,2227.71484375,9058245.0,-9056017.28515625
2020-08-13,2224.8525390625,9047101.0,-9044876.147460938
2020-08-14,2212.7138671875,8999832.0,-8997619.286132812
2020-08-17,2223.81640625,9043066.0,-9040842.18359375
2020-08-18,2239.951904296875,9105879.0,-9103639.048095703
2020-08-19,2226.974609375,9055362.0,-9053135.025390625
2020-08-20,2223.274169921875,9040955.0,-9038731.725830078
2020-08-21,2219.079833984375,9024622.0,-9022402.920166016
2020-08-24,2218.58642578125,9022701.0,-9020482.413574219
2020-08-25,2213.2080078125,9001758.0,-8999544.791992188
2020-08-26,2223.91552734375,9043453.0,-9041229.084472656
2020-08-27,2218.882080078125,9023854.0,-9021635.117919922
2020-08-28,2209.161376953125,8985997.0,-8983787.838623047
2020-08-31,2227.6162109375,9057860.0,-9055632.383789062
2020-09-01,2216.859375,9015978.0,-9013761.140625
2020-09-02,2235.412353515625,9088209.0,-9085973.587646484
2020-09-03,2269.311279296875,9220106.0,-9217836.688720703
2020-09-04,2258.751708984375,9179032.0,-9176773.248291016
2020-09-07,2296.499755859375,9325817.0,-9323520.50024414
2020-09-08,2317.371826171875,9406921.0,-9404603.628173828
2020-09-09,2297.092041015625,9328120.0,-9325822.907958984
2020-09-10,2300.545654296875,9341543.0,-9339242.454345703
2020-09-11,2342.93212890625,9506185.0,-9503842.067871094
2020-09-14,2458.692138671875,9954912.0,-9952453.307861328
2020-09-15,2458.692138671875,9954912.0,-9952453.307861328
2020-09-16,2470.14013671875,9999209.0,-9996738.859863281
2020-09-17,2428.641845703125,9838560.0,-9836131.358154297
2020-09-18,2417.73681640625,9796314.0,-9793896.263183594
2020-09-21,2432.934814453125,9855189.0,-9852756.065185547
2020-09-22,2489.828125,10075362.0,-10072872.171875
2020-09-23,2435.05615234375,9863405.0,-9860969.943847656
2020-09-24,2301.63134765625,9345760.0,-9343458.368652344
2020-09-25,2390.499267578125,9690739.0,-9688348.500732422
2020-09-28,2394.44677734375,9706046.0,-9703651.553222656
2020-09-29,2455.7314453125,9943452.0,-9940996.268554688
2020-09-30,2459.580322265625,9958348.0,-9955888.419677734
2020-10-01,2490.3212890625,10077268.0,-10074777.678710938
2020-10-05,2670.27734375,10771223.0,-10768552.72265625
2020-10-06,2678.666015625,10803477.0,-10800798.333984375
2020-10-07,2700.03173828125,10885583.0,-10882882.968261719
2020-10-08,2788.603515625,11225324.0,-11222535.396484375
2020-10-09,2776.020751953125,11177123.0,-11174346.979248047
2020-10-12,2792.846923828125,11241575.0,-11238782.153076172
2020-10-13,2789.442138671875,11228536.0,-11225746.557861328
2020-10-14,2784.536376953125,11209747.0,-11206962.463623047
2020-10-15,2716.152099609375,10947493.0,-10944776.84790039
2020-10-16,2738.6494140625,11033839.0,-11031100.350585938
2020-10-19,2687.36083984375,10836897.0,-10834209.639160156
2020-10-20,2714.566162109375,10941405.0,-10938690.43383789
2020-10-21,2651.533203125,10699124.0,-10696472.466796875
2020-10-22,2647.3212890625,10682916.0,-10680268.678710938
2020-10-23,2662.831787109375,10742590.0,-10739927.16821289
2020-10-26,2664.21923828125,10747926.0,-10745261.780761719
2020-10-27,2606.68701171875,10526446.0,-10523839.312988281
2020-10-28,2598.80810546875,10496083.0,-10493484.191894531
2020-10-29,2609.164794921875,10535992.0,-10533382.835205078
2020-10-30,2641.077880859375,10658889.0,-10656247.92211914
2020-11-02,2581.364990234375,10428837.0,-10426255.635009766
2020-11-03,2610.106689453125,10539621.0,-10537010.893310547
2020-11-04,2629.48193359375,10614248.0,-10611618.518066406
2020-11-05,2661.74169921875,10738398.0,-10735736.258300781
2020-11-06,2683.29736328125,10821282.0,-10818598.702636719
2020-11-09,2702.27685546875,10894208.0,-10891505.723144531
2020-11-10,2625.9638671875,10600701.0,-10598075.036132812
2020-11-11,2663.82275390625,10746401.0,-10743737.177246094
2020-11-12,2647.222412109375,10682536.0,-10679888.77758789
2020-11-13,2633.149169921875,10628368.0,-10625734.850830078
2020-11-17,2642.26708984375,10663465.0,-10660822.732910156
2020-11-18,2603.21826171875,10513079.0,-10510475.781738281
2020-11-19,2613.376708984375,10552221.0,-10549607.623291016
2020-11-20,2636.5185546875,10641339.0,-10638702.481445312
2020-11-23,2699.947509765625,10885260.0,-10882560.052490234
2020-11-24,2697.767333984375,10876884.0,-10874186.232666016
2020-11-25,2677.20263671875,10797851.0,-10795173.797363281
2020-11-26,2696.330322265625,10871363.0,-10868666.669677734
2020-11-27,2655.74560546875,10715331.0,-10712675.254394531
2020-12-01,2702.474853515625,10894969.0,-10892266.525146484
2020-12-02,2725.02197265625,10981546.0,-10978820.978027344
2020-12-03,2685.27978515625,10828899.0,-10826213.720214844
2020-12-04,2703.21826171875,10897823.0,-10895119.781738281
2020-12-07,2713.277587890625,10936457.0,-10933743.72241211
2020-12-08,2772.34619140625,11163043.0,-11160270.653808594
2020-12-09,2785.725830078125,11214301.0,-11211515.274169922
2020-12-10,2759.4619140625,11113658.0,-11110898.538085938
2020-12-11,2758.7685546875,11111000.0,-11108241.231445312
2020-12-14,2772.742431640625,11164560.0,-11161787.25756836
2020-12-15,2736.9150390625,11027184.0,-11024447.084960938
2020-12-16,2789.095458984375,11227208.0,-11224418.904541016
2020-12-17,2812.881103515625,11318264.0,-11315451.118896484
2020-12-18,2835.477783203125,11404696.0,-11401860.522216797
2020-12-21,2794.9921875,11249789.0,-11246994.0078125
2020-12-22,2846.875,11448264.0,-11445417.125
2020-12-23,2882.802001953125,11585483.0,-11582600.197998047
2020-12-24,2883.396728515625,11587751.0,-11584867.603271484
2020-12-28,2903.267578125,11663567.0,-11660663.732421875
2020-12-29,2904.357666015625,11667724.0,-11664819.642333984
2020-12-30,2883.346923828125,11587564.0,-11584680.653076172
2020-12-31,2837.212158203125,11411328.0,-11408490.787841797
2021-01-01,2902.1279296875,11659220.0,-11656317.872070312
2021-01-04,3012.3359375,12078669.0,-12075656.6640625
2021-01-05,3065.408203125,12280009.0,-12276943.591796875
2021-01-06,3024.2783203125,12124011.0,-12120986.721679688
2021-01-07,3005.7451171875,12053635.0,-12050629.254882812
2021-01-08,3093.05908203125,12384736.0,-12381642.940917969
2021-01-11,3148.113525390625,12592892.0,-12589743.88647461
2021-01-12,3146.5283203125,12586905.0,-12583758.471679688
2021-01-13,3130.769775390625,12527368.0,-12524237.23022461
2021-01-14,3227.832275390625,12893434.0,-12890206.16772461
2021-01-15,3210.6044921875,12828572.0,-12825361.395507812
2021-01-18,3199.0859375,12785180.0,-12781980.9140625
2021-01-19,3237.76171875,12930795.0,-12927557.23828125
2021-01-20,3285.5234375,13110276.0,-13106990.4765625
2021-01-21,3250.8193359375,12979902.0,-12976651.180664062
2021-01-22,3279.86376953125,13089025.0,-13085745.136230469
2021-01-25,3268.146484375,13045019.0,-13041750.853515625
2021-01-27,3238.109375,12932102.0,-12928863.890625
2021-01-28,3174.06298828125,12690837.0,-12687662.937011719
2021-01-29,3089.462646484375,12371121.0,-12368031.537353516
2021-02-01,3117.265625,12476318.0,-12473200.734375
2021-02-02,3180.91455078125,12716679.0,-12713498.085449219
2021-02-03,3177.53857421875,12703947.0,-12700769.461425781
2021-02-04,3166.02001953125,12660491.0,-12657324.979980469
2021-02-05,3135.734619140625,12546131.0,-12542995.26538086
2021-02-08,3191.489990234375,12756550.0,-12753358.510009766
2021-02-09,3154.55126953125,12617201.0,-12614046.448730469
2021-02-10,3190.6953125,12753557.0,-12750366.3046875
2021-02-11,3183.446533203125,12726227.0,-12723043.553466797
2021-02-12,3168.353515625,12669295.0,-12666126.646484375
2021-02-15,3117.76220703125,12478197.0,-12475079.237792969
2021-02-16,3086.930419921875,12361534.0,-12358447.069580078
2021-02-17,3051.481689453125,12227218.0,-12224166.518310547
2021-02-18,3035.842529296875,12167899.0,-12164863.157470703
2021-02-19,3050.240478515625,12222510.0,-12219459.759521484
2021-02-22,2937.63818359375,11794566.0,-11791628.361816406
2021-02-23,2959.235107421875,11876792.0,-11873832.764892578
2021-02-24,2927.361083984375,11755414.0,-11752486.638916016
2021-02-25,2974.22900390625,11933838.0,-11930863.770996094
2021-02-26,2873.939453125,11551651.0,-11548777.060546875
2021-03-01,2903.629150390625,11664945.0,-11662041.37084961
2021-03-02,2985.201416015625,11975562.0,-11972576.798583984
2021-03-03,3037.580078125,12174492.0,-12171454.419921875
2021-03-04,3028.24609375,12139071.0,-12136042.75390625
2021-03-05,2986.88916015625,11981979.0,-11978992.110839844
2021-03-08,2985.796875,11977826.0,-11974840.203125
2021-03-09,3029.4873046875,12143784.0,-12140754.512695312
2021-03-10,3049.3466796875,12219122.0,-12216072.653320312
2021-03-12,3036.438232421875,12170160.0,-12167123.561767578
2021-03-15,3044.580322265625,12201046.0,-12198001.419677734
2021-03-16,3088.171630859375,12366234.0,-12363145.82836914
2021-03-17,3091.051025390625,12377134.0,-12374042.94897461
2021-03-18,3015.13916015625,12089313.0,-12086297.860839844
2021-03-19,3028.742431640625,12140956.0,-12137927.25756836
2021-03-22,3107.633544921875,12439887.0,-12436779.366455078
2021-03-23,3120.49267578125,12488521.0,-12485400.507324219
2021-03-24,3099.14404296875,12407767.0,-12404667.855957031
2021-03-25,3043.28955078125,12196151.0,-12193107.710449219
2021-03-26,3045.225830078125,12203494.0,-12200448.774169922
2021-03-30,3136.33056640625,12548381.0,-12545244.669433594
2021-03-31,3155.49462890625,12620763.0,-12617607.505371094
2021-04-01,3142.73486328125,12572577.0,-12569434.265136719
2021-04-05,3216.114990234375,12849325.0,-12846108.885009766
2021-04-06,3241.733642578125,12945735.0,-12942493.266357422
2021-04-07,3248.386474609375,12970753.0,-12967504.61352539
2021-04-08,3294.013427734375,13142137.0,-13138842.986572266
2021-04-09,3298.87890625,13160390.0,-13157091.12109375
2021-04-12,3223.711669921875,12877925.0,-12874701.288330078
2021-04-13,3082.2138671875,12343674.0,-12340591.786132812
2021-04-15,3196.3056640625,12774703.0,-12771506.694335938
2021-04-16,3172.6728515625,12685593.0,-12682420.327148438
2021-04-19,3139.5576171875,12560576.0,-12557436.442382812
2021-04-20,3122.428955078125,12495842.0,-12492719.571044922
2021-04-22,3096.860107421875,12399122.0,-12396025.139892578
2021-04-23,3087.62548828125,12364165.0,-12361077.374511719
2021-04-26,3078.98681640625,12331452.0,-12328373.013183594
2021-04-27,3109.967041015625,12448715.0,-12445605.032958984
2021-04-28,3102.122802734375,12419038.0,-12415935.877197266
2021-04-29,3093.3349609375,12385781.0,-12382687.665039062
2021-04-30,3014.295166015625,12086108.0,-12083093.704833984
2021-05-03,3015.6357421875,12091201.0,-12088185.364257812
2021-05-04,3028.295654296875,12139260.0,-12136231.704345703
2021-05-05,3073.922607421875,12312271.0,-12309197.077392578
2021-05-06,3089.561767578125,12371495.0,-12368405.438232422
2021-05-07,3110.86083984375,12452095.0,-12448984.139160156
2021-05-10,3123.3720703125,12499407.0,-12496283.627929688
2021-05-11,3100.633544921875,12413402.0,-12410301.366455078
2021-05-12,3065.879638671875,12281796.0,-12278730.120361328
2021-05-14,3030.033447265625,12145855.0,-12142824.966552734
2021-05-17,3048.1552734375,12214604.0,-12211555.844726562
2021-05-18,3067.0712890625,12286313.0,-12283245.928710938
2021-05-19,3060.31884765625,12260721.0,-12257660.681152344
2021-05-20,3038.4736328125,12177882.0,-12174843.526367188
2021-05-21,3058.829345703125,12255075.0,-12252016.170654297
2021-05-24,3059.822509765625,12258839.0,-12255779.177490234
2021-05-25,3107.218994140625,12438319.0,-12435211.78100586
2021-05-26,3151.6220703125,12606141.0,-12602989.377929688
2021-05-27,3173.0751953125,12687111.0,-12683937.924804688
2021-05-28,3136.754638671875,12549985.0,-12546848.245361328
2021-05-31,3152.2705078125,12608590.0,-12605437.729492188
2021-06-01,3146.134033203125,12585416.0,-12582269.865966797
2021-06-02,3122.63525390625,12496621.0,-12493498.364746094
2021-06-03,3134.40966796875,12541124.0,-12537989.590332031
2021-06-04,3136.904296875,12550550.0,-12547413.095703125
2021-06-07,3176.268310546875,12699155.0,-12695978.731689453
2021-06-08,3193.18115234375,12762926.0,-12759732.818847656
2021-06-09,3193.28125,12763305.0,-12760111.71875
2021-06-10,3209.795166015625,12825525.0,-12822315.204833984
2021-06-11,3266.671142578125,13039476.0,-13036209.328857422
2021-06-14,3269.215576171875,13049035.0,-13045765.784423828
2021-06-15,3255.64501953125,12998043.0,-12994787.354980469
2021-06-16,3267.219970703125,13041538.0,-13038270.780029297
2021-06-17,3310.525390625,13204069.0,-13200758.474609375
2021-06-18,3290.119873046875,13127525.0,-13124234.880126953
2021-06-21,3265.97265625,13036852.0,-13033586.02734375
2021-06-22,3294.01123046875,13142128.0,-13138833.988769531
2021-06-23,3254.2978515625,12992977.0,-12989722.702148438
2021-06-24,3366.253662109375,13412752.0,-13409385.74633789
2021-06-25,3373.43798828125,13439617.0,-13436243.562011719
2021-06-28,3329.48388671875,13275124.0,-13271794.516113281
2021-06-29,3333.5751953125,13290449.0,-13287115.424804688
2021-06-30,3338.46435546875,13308759.0,-13305420.535644531
2021-07-01,3334.2236328125,13292878.0,-13289543.776367188
2021-07-02,3318.20849609375,13232873.0,-13229554.791503906
2021-07-05,3313.768310546875,13216230.0,-13212916.231689453
2021-07-06,3255.196044921875,12996354.0,-12993098.803955078
2021-07-07,3267.818359375,13043784.0,-13040516.181640625
2021-07-08,3251.404296875,12982101.0,-12978849.595703125
2021-07-09,3201.163818359375,12793008.0,-12789806.83618164
2021-07-12,3186.146728515625,12736408.0,-12733221.853271484
2021-07-13,3180.60888671875,12715527.0,-12712346.391113281
2021-07-14,3207.550048828125,12817069.0,-12813861.449951172
2021-07-15,3202.949951171875,12799739.0,-12796536.050048828
2021-07-16,3194.800048828125,12769027.0,-12765832.199951172
2021-07-19,3184.60009765625,12730577.0,-12727392.399902344
2021-07-20,3205.800048828125,12810476.0,-12807270.199951172
2021-07-22,3216.35009765625,12850211.0,-12846994.649902344
2021-07-23,3212.85009765625,12837030.0,-12833817.149902344
2021-07-26,3197.550048828125,12779392.0,-12776194.449951172
2021-07-27,3182.949951171875,12724354.0,-12721171.050048828
2021-07-28,3197.800048828125,12780334.0,-12777136.199951172
2021-07-29,3195.800048828125,12772796.0,-12769600.199951172
2021-07-30,3167.449951171875,12665886.0,-12662718.550048828
2021-08-02,3219.39990234375,12861691.0,-12858471.600097656
2021-08-03,3284.89990234375,13107933.0,-13104648.100097656
2021-08-04,3273.949951171875,13066817.0,-13063543.050048828
2021-08-05,3283.949951171875,13104367.0,-13101083.050048828
2021-08-06,3309.800048828125,13201351.0,-13198041.199951172
2021-08-09,3322.699951171875,13249705.0,-13246382.300048828
2021-08-10,3333.89990234375,13291666.0,-13288332.100097656
2021-08-11,3344.199951171875,13330235.0,-13326890.800048828
2021-08-12,3351.75,13358494.0,-13355142.25
2021-08-13,3463.39990234375,13775222.0,-13771758.600097656
2021-08-16,3472.949951171875,13810763.0,-13807290.050048828
2021-08-17,3553.050048828125,14108204.0,-14104650.949951172
2021-08-18,3560.550048828125,14135994.0,-14132433.449951172
2021-08-20,3559.5,14132102.0,-14128542.5
2021-08-23,3637.39990234375,14420129.0,-14416491.600097656
2021-08-24,3613.199951171875,14330776.0,-14327162.800048828
2021-08-25,3659.0,14499788.0,-14496129.0
2021-08-26,3671.85009765625,14547136.0,-14543464.149902344
2021-08-27,3720.14990234375,14724813.0,-14721092.850097656
2021-08-30,3701.300048828125,14655526.0,-14651824.699951172
2021-08-31,3786.449951171875,14967963.0,-14964176.550048828
2021-09-01,3714.949951171875,14705707.0,-14701992.050048828
2021-09-02,3836.75,15151844.0,-15148007.25
2021-09-03,3842.050048828125,15171191.0,-15167348.949951172
2021-09-06,3852.0,15207494.0,-15203642.0
2021-09-07,3815.89990234375,15075684.0,-15071868.100097656
2021-09-08,3774.14990234375,14922918.0,-14919143.850097656
2021-09-09,3791.39990234375,14986080.0,-14982288.600097656
2021-09-13,3845.35009765625,15183235.0,-15179389.649902344
2021-09-14,3885.89990234375,15331031.0,-15327145.100097656
2021-09-15,3954.550048828125,15580476.0,-15576521.449951172
2021-09-16,3903.300048828125,15394347.0,-15390443.699951172
2021-09-17,3827.85009765625,15119346.0,-15115518.149902344
2021-09-20,3823.5,15103456.0,-15099632.5
2021-09-21,3862.949951171875,15247423.0,-15243560.050048828
2021-09-22,3862.14990234375,15244506.0,-15240643.850097656
2021-09-23,3869.25,15270386.0,-15266516.75
2021-09-24,3871.300048828125,15277855.0,-15273983.699951172
2021-09-27,3836.949951171875,15152574.0,-15148737.050048828
2021-09-28,3779.14990234375,14941233.0,-14937453.850097656
2021-09-29,3791.89990234375,14987909.0,-14984117.100097656
2021-09-30,3773.199951171875,14919438.0,-14915664.800048828
